InverseWavelength,kiloVolts
2.054200, 25.000000
2.238794, 30.000000
2.298607, 35.000000
